{
    "dual_ma_1234": {
        "pos": 0,
        "fast_ma0": 37.620000000000005,
        "fast_ma1": 37.635000000000005,
        "slow_ma0": 37.62999999999999,
        "slow_ma1": 37.63749999999999
    }
}